status_url	screen_name	created_at	favorite_count	retweet_count	status_id
https://twitter.com/BenMcCready1/status/1161378012715200512	BenMcCready1	2019-08-13T20:44:30Z	3	0	1161378012715200512
https://twitter.com/CityofAsheville/status/1161374611516383233	CityofAsheville	2019-08-13T20:30:59Z	1	0	1161374611516383233
https://twitter.com/Rogers1881/status/1161372316992966657	Rogers1881	2019-08-13T20:21:52Z	0	0	1161372316992966657
https://twitter.com/CitySalisburyNC/status/1161366950255177731	CitySalisburyNC	2019-08-13T20:00:32Z	0	0	1161366950255177731
https://twitter.com/CitySalisburyNC/status/1161366621245575169	CitySalisburyNC	2019-08-13T19:59:14Z	0	0	1161366621245575169
https://twitter.com/LibbyBretthauer/status/1161365570035437568	LibbyBretthauer	2019-08-13T19:55:03Z	2	0	1161365570035437568
https://twitter.com/LibbyBretthauer/status/1161328333134548998	LibbyBretthauer	2019-08-13T17:27:05Z	1	0	1161328333134548998
https://twitter.com/LibbyBretthauer/status/1159938802787295232	LibbyBretthauer	2019-08-09T21:25:35Z	5	0	1159938802787295232
https://twitter.com/BangtheTable/status/1159236361997684742	BangtheTable	2019-08-07T22:54:20Z	0	0	1159236361997684742
https://twitter.com/BangtheTable/status/1159487946766110720	BangtheTable	2019-08-08T15:34:03Z	2	0	1159487946766110720
https://twitter.com/BangtheTable/status/1159192342475104257	BangtheTable	2019-08-07T19:59:25Z	1	0	1159192342475104257
https://twitter.com/BangtheTable/status/1158836397207371777	BangtheTable	2019-08-06T20:25:01Z	9	4	1158836397207371777
https://twitter.com/BangtheTable/status/1159129079414775808	BangtheTable	2019-08-07T15:48:02Z	3	1	1159129079414775808
https://twitter.com/BangtheTable/status/1158800171590979592	BangtheTable	2019-08-06T18:01:05Z	0	0	1158800171590979592
https://twitter.com/BangtheTable/status/1160956366921637888	BangtheTable	2019-08-12T16:49:02Z	6	4	1160956366921637888
https://twitter.com/BangtheTable/status/1161364555618033664	BangtheTable	2019-08-13T19:51:01Z	2	1	1161364555618033664
https://twitter.com/BangtheTable/status/1159868967571337219	BangtheTable	2019-08-09T16:48:05Z	0	1	1159868967571337219
https://twitter.com/BangtheTable/status/1159505740207235072	BangtheTable	2019-08-08T16:44:45Z	6	1	1159505740207235072
https://twitter.com/BangtheTable/status/1158835142867247104	BangtheTable	2019-08-06T20:20:02Z	0	0	1158835142867247104
https://twitter.com/BangtheTable/status/1158380391528423425	BangtheTable	2019-08-05T14:13:01Z	3	2	1158380391528423425
https://twitter.com/kwyatt23/status/1160892816991539201	kwyatt23	2019-08-12T12:36:30Z	18	10	1160892816991539201
https://twitter.com/kwyatt23/status/1161361910492618753	kwyatt23	2019-08-13T19:40:31Z	0	0	1161361910492618753
https://twitter.com/kwyatt23/status/1158893312247394304	kwyatt23	2019-08-07T00:11:11Z	4	1	1158893312247394304
https://twitter.com/kwyatt23/status/1159474084461154309	kwyatt23	2019-08-08T14:38:58Z	43	17	1159474084461154309
https://twitter.com/KershawCountySC/status/1161359115547009024	KershawCountySC	2019-08-13T19:29:24Z	0	0	1161359115547009024
https://twitter.com/KershawCountySC/status/1161352036618842112	KershawCountySC	2019-08-13T19:01:17Z	0	1	1161352036618842112
https://twitter.com/KershawCountySC/status/1161281584412143617	KershawCountySC	2019-08-13T14:21:19Z	0	0	1161281584412143617
https://twitter.com/KershawCountySC/status/1161298697789018112	KershawCountySC	2019-08-13T15:29:20Z	0	0	1161298697789018112
https://twitter.com/gacities/status/1159122413138980870	gacities	2019-08-07T15:21:33Z	5	4	1159122413138980870
https://twitter.com/gacities/status/1161356984169484289	gacities	2019-08-13T19:20:56Z	0	0	1161356984169484289
https://twitter.com/CCM_ForCT/status/1161346660074737664	CCM_ForCT	2019-08-13T18:39:55Z	3	1	1161346660074737664
https://twitter.com/CCM_ForCT/status/1159550260420763648	CCM_ForCT	2019-08-08T19:41:40Z	6	3	1159550260420763648
https://twitter.com/CityofUPTX/status/1160965713517060097	CityofUPTX	2019-08-12T17:26:10Z	1	0	1160965713517060097
https://twitter.com/CityofUPTX/status/1159846331072090113	CityofUPTX	2019-08-09T15:18:08Z	5	2	1159846331072090113
https://twitter.com/CityofUPTX/status/1161346573818896384	CityofUPTX	2019-08-13T18:39:34Z	0	0	1161346573818896384
https://twitter.com/SustainableCT/status/1161345311085699072	SustainableCT	2019-08-13T18:34:33Z	3	0	1161345311085699072
https://twitter.com/DelawareIPA/status/1161343361984471040	DelawareIPA	2019-08-13T18:26:48Z	1	0	1161343361984471040
https://twitter.com/CityofJacksonMS/status/1161337021316685824	CityofJacksonMS	2019-08-13T18:01:37Z	1	2	1161337021316685824
https://twitter.com/BeachesEnergy/status/1161332860634185728	BeachesEnergy	2019-08-13T17:45:05Z	1	1	1161332860634185728
https://twitter.com/CompCommunityDE/status/1161332155668160513	CompCommunityDE	2019-08-13T17:42:17Z	1	0	1161332155668160513
https://twitter.com/CompCommunityDE/status/1161316579407212544	CompCommunityDE	2019-08-13T16:40:23Z	1	1	1161316579407212544
https://twitter.com/CompCommunityDE/status/1160948214301962240	CompCommunityDE	2019-08-12T16:16:38Z	0	0	1160948214301962240
https://twitter.com/mauicounty/status/1161331572504584193	mauicounty	2019-08-13T17:39:58Z	1	1	1161331572504584193
https://twitter.com/StillwaterOKgov/status/1161319039018385412	StillwaterOKgov	2019-08-13T16:50:09Z	0	1	1161319039018385412
https://twitter.com/generalcode/status/1158782325016150016	generalcode	2019-08-06T16:50:10Z	9	5	1158782325016150016
https://twitter.com/generalcode/status/1161315053498511361	generalcode	2019-08-13T16:34:19Z	6	1	1161315053498511361
https://twitter.com/KendraHwa/status/1159954487609417728	KendraHwa	2019-08-09T22:27:55Z	4	0	1159954487609417728
https://twitter.com/KendraHwa/status/1161313787703513088	KendraHwa	2019-08-13T16:29:17Z	8	1	1161313787703513088
https://twitter.com/KendraHwa/status/1159988114078650368	KendraHwa	2019-08-10T00:41:32Z	10	0	1159988114078650368
https://twitter.com/KendraHwa/status/1159955617697501184	KendraHwa	2019-08-09T22:32:24Z	7	0	1159955617697501184
https://twitter.com/KendraHwa/status/1160001559435964417	KendraHwa	2019-08-10T01:34:58Z	5	1	1160001559435964417
https://twitter.com/BloombergCities/status/1159826672884994048	BloombergCities	2019-08-09T14:00:02Z	3	3	1159826672884994048
https://twitter.com/BloombergCities/status/1161312959026495488	BloombergCities	2019-08-13T16:26:00Z	2	0	1161312959026495488
https://twitter.com/BloombergCities/status/1160611840138702848	BloombergCities	2019-08-11T18:00:00Z	3	1	1160611840138702848
https://twitter.com/BloombergCities/status/1159494481059598337	BloombergCities	2019-08-08T16:00:01Z	18	8	1159494481059598337
https://twitter.com/BloombergCities/status/1160944030647246849	BloombergCities	2019-08-12T16:00:00Z	4	2	1160944030647246849
https://twitter.com/ARMuniLeague/status/1161310326186549248	ARMuniLeague	2019-08-13T16:15:32Z	1	0	1161310326186549248
https://twitter.com/ARMuniLeague/status/1159201986564317186	ARMuniLeague	2019-08-07T20:37:45Z	7	6	1159201986564317186
https://twitter.com/LissyKayAR/status/1159820600128495622	LissyKayAR	2019-08-09T13:35:54Z	12	3	1159820600128495622
https://twitter.com/LissyKayAR/status/1161306780594577408	LissyKayAR	2019-08-13T16:01:27Z	3	1	1161306780594577408
https://twitter.com/carlisleborough/status/1158776242621100032	carlisleborough	2019-08-06T16:25:59Z	8	3	1158776242621100032
https://twitter.com/carlisleborough/status/1161289138294972418	carlisleborough	2019-08-13T14:51:20Z	2	3	1161289138294972418
https://twitter.com/carlisleborough/status/1159624515602800640	carlisleborough	2019-08-09T00:36:43Z	3	1	1159624515602800640
https://twitter.com/DJDeerAttack/status/1161287673853763591	DJDeerAttack	2019-08-13T14:45:31Z	13	2	1161287673853763591
https://twitter.com/SRQCountyGov/status/1161285096110022656	SRQCountyGov	2019-08-13T14:35:17Z	3	3	1161285096110022656
https://twitter.com/CityofFontanaCA/status/1161283090351828992	CityofFontanaCA	2019-08-13T14:27:18Z	1	1	1161283090351828992
https://twitter.com/benkittelson56/status/1161270805940068353	benkittelson56	2019-08-13T13:38:30Z	7	0	1161270805940068353
https://twitter.com/benkittelson56/status/1158549684790747136	benkittelson56	2019-08-06T01:25:44Z	4	0	1158549684790747136
https://twitter.com/benkittelson56/status/1159231176747470849	benkittelson56	2019-08-07T22:33:44Z	14	2	1159231176747470849
https://twitter.com/_ResourceX/status/1161266991262576640	_ResourceX	2019-08-13T13:23:20Z	5	4	1161266991262576640
https://twitter.com/cityofappleton/status/1161264364009205762	cityofappleton	2019-08-13T13:12:54Z	2	1	1161264364009205762
https://twitter.com/BenMcCready1/status/1161263012352864256	BenMcCready1	2019-08-13T13:07:32Z	1	1	1161263012352864256
https://twitter.com/City_Janesville/status/1161260658211676161	City_Janesville	2019-08-13T12:58:10Z	0	2	1161260658211676161
https://twitter.com/VoteJWS/status/1161259123771658242	VoteJWS	2019-08-13T12:52:04Z	0	0	1161259123771658242
https://twitter.com/PhilKiraly/status/1159619348572626944	PhilKiraly	2019-08-09T00:16:12Z	6	2	1159619348572626944
https://twitter.com/PhilKiraly/status/1161139161799254018	PhilKiraly	2019-08-13T04:55:23Z	2	0	1161139161799254018
https://twitter.com/kowyatt/status/1161101829804978176	kowyatt	2019-08-13T02:27:03Z	24	7	1161101829804978176
https://twitter.com/kowyatt/status/1160203067733622784	kowyatt	2019-08-10T14:55:41Z	12	0	1160203067733622784
https://twitter.com/kowyatt/status/1159622582288523264	kowyatt	2019-08-09T00:29:03Z	20	1	1159622582288523264
https://twitter.com/kowyatt/status/1159244689272389632	kowyatt	2019-08-07T23:27:26Z	3	0	1159244689272389632
https://twitter.com/kowyatt/status/1161102702006292482	kowyatt	2019-08-13T02:30:31Z	5	2	1161102702006292482
https://twitter.com/kowyatt/status/1161103874435907585	kowyatt	2019-08-13T02:35:10Z	4	2	1161103874435907585
https://twitter.com/TheBaconDiaries/status/1161103427427954688	TheBaconDiaries	2019-08-13T02:33:24Z	3	0	1161103427427954688
https://twitter.com/ELGL50/status/1158195110892298241	ELGL50	2019-08-05T01:56:47Z	9	5	1158195110892298241
https://twitter.com/ELGL50/status/1161084571728793600	ELGL50	2019-08-13T01:18:28Z	4	0	1161084571728793600
https://twitter.com/ELGL50/status/1160347981381394432	ELGL50	2019-08-11T00:31:31Z	3	0	1160347981381394432
https://twitter.com/ELGL50/status/1159257267717304321	ELGL50	2019-08-08T00:17:25Z	1	0	1159257267717304321
https://twitter.com/ELGL50/status/1159961526272323584	ELGL50	2019-08-09T22:55:53Z	2	0	1159961526272323584
https://twitter.com/ELGL50/status/1161080640378269698	ELGL50	2019-08-13T01:02:51Z	3	1	1161080640378269698
https://twitter.com/ELGL50/status/1161094087778299904	ELGL50	2019-08-13T01:56:17Z	2	0	1161094087778299904
https://twitter.com/viewpointcloud/status/1161064141999804417	viewpointcloud	2019-08-12T23:57:17Z	1	2	1161064141999804417
https://twitter.com/FranciePalmer/status/1161040678765248512	FranciePalmer	2019-08-12T22:24:03Z	5	1	1161040678765248512
https://twitter.com/HoughtKelly/status/1160713015156547584	HoughtKelly	2019-08-12T00:42:02Z	12	1	1160713015156547584
https://twitter.com/HoughtKelly/status/1161035601031811072	HoughtKelly	2019-08-12T22:03:52Z	9	0	1161035601031811072
https://twitter.com/VGlencoe/status/1161033589213081600	VGlencoe	2019-08-12T21:55:53Z	6	3	1161033589213081600
https://twitter.com/Josh_Edwards11/status/1161027223371079682	Josh_Edwards11	2019-08-12T21:30:35Z	39	2	1161027223371079682
https://twitter.com/CityofGrandview/status/1161025984470102017	CityofGrandview	2019-08-12T21:25:40Z	9	3	1161025984470102017
https://twitter.com/lprdks/status/1161019792389738496	lprdks	2019-08-12T21:01:03Z	3	1	1161019792389738496
https://twitter.com/mikeennis/status/1161013574015303681	mikeennis	2019-08-12T20:36:21Z	1	0	1161013574015303681
https://twitter.com/MtPleasantGov/status/1161012744289759233	MtPleasantGov	2019-08-12T20:33:03Z	7	4	1161012744289759233
https://twitter.com/CityofTifton/status/1161008212763709440	CityofTifton	2019-08-12T20:15:03Z	3	2	1161008212763709440
https://twitter.com/CityofNewBerlin/status/1161007631110168578	CityofNewBerlin	2019-08-12T20:12:44Z	2	1	1161007631110168578
https://twitter.com/CapeCanaveralFL/status/1161005805346467842	CapeCanaveralFL	2019-08-12T20:05:29Z	6	3	1161005805346467842
https://twitter.com/GregStopka/status/1161005224368246786	GregStopka	2019-08-12T20:03:10Z	5	0	1161005224368246786
https://twitter.com/SmithsStationAL/status/1160985564692275206	SmithsStationAL	2019-08-12T18:45:03Z	1	0	1160985564692275206
https://twitter.com/SirenLadySTL/status/1160981772089339907	SirenLadySTL	2019-08-12T18:29:59Z	2	0	1160981772089339907
https://twitter.com/Chattanooga_gov/status/1160980432730693632	Chattanooga_gov	2019-08-12T18:24:39Z	32	9	1160980432730693632
https://twitter.com/lawrenceks/status/1160979478518087681	lawrenceks	2019-08-12T18:20:52Z	6	2	1160979478518087681
https://twitter.com/LeagueKSMunis/status/1160958281000636416	LeagueKSMunis	2019-08-12T16:56:38Z	7	2	1160958281000636416
https://twitter.com/jessgrondin/status/1160957812819857408	jessgrondin	2019-08-12T16:54:46Z	0	0	1160957812819857408
https://twitter.com/jessgrondin/status/1159165128077717504	jessgrondin	2019-08-07T18:11:17Z	3	1	1159165128077717504
https://twitter.com/COFV1836/status/1160952957657079808	COFV1836	2019-08-12T16:35:29Z	1	0	1160952957657079808
https://twitter.com/MiltonWI/status/1160952919392432129	MiltonWI	2019-08-12T16:35:20Z	2	0	1160952919392432129
https://twitter.com/GettoKnowNewton/status/1160952813951881216	GettoKnowNewton	2019-08-12T16:34:54Z	0	0	1160952813951881216
https://twitter.com/cityofpensacola/status/1158776954654461953	cityofpensacola	2019-08-06T16:28:49Z	6	3	1158776954654461953
https://twitter.com/cityofpensacola/status/1160951735340478464	cityofpensacola	2019-08-12T16:30:37Z	4	2	1160951735340478464
https://twitter.com/LiveLocallyAL/status/1160946774074417154	LiveLocallyAL	2019-08-12T16:10:54Z	4	0	1160946774074417154
https://twitter.com/AL_League/status/1158395468994490369	AL_League	2019-08-05T15:12:56Z	5	3	1158395468994490369
https://twitter.com/AL_League/status/1160946547397468161	AL_League	2019-08-12T16:10:00Z	2	0	1160946547397468161
https://twitter.com/UtilitySP/status/1160945678648074240	UtilitySP	2019-08-12T16:06:33Z	0	1	1160945678648074240
https://twitter.com/OutreachEXprts/status/1160944216635248640	OutreachEXprts	2019-08-12T16:00:45Z	3	0	1160944216635248640
https://twitter.com/ZachdaleAalderi/status/1160944034694737920	ZachdaleAalderi	2019-08-12T16:00:01Z	0	0	1160944034694737920
https://twitter.com/IndyDMD/status/1160938250057506817	IndyDMD	2019-08-12T15:37:02Z	25	6	1160938250057506817
https://twitter.com/CityofCocoa/status/1160935015112466433	CityofCocoa	2019-08-12T15:24:11Z	4	2	1160935015112466433
https://twitter.com/CityofCocoa/status/1158474041990221825	CityofCocoa	2019-08-05T20:25:09Z	18	3	1158474041990221825
https://twitter.com/HeartlandPower/status/1159558681375252481	HeartlandPower	2019-08-08T20:15:07Z	3	1	1159558681375252481
https://twitter.com/HeartlandPower/status/1160917671317245953	HeartlandPower	2019-08-12T14:15:16Z	3	1	1160917671317245953
https://twitter.com/ewhitmore/status/1159549249975140352	ewhitmore	2019-08-08T19:37:39Z	3	0	1159549249975140352
https://twitter.com/ewhitmore/status/1160913471283900416	ewhitmore	2019-08-12T13:58:34Z	1	0	1160913471283900416
https://twitter.com/BrooklynPark/status/1158772682466496513	BrooklynPark	2019-08-06T16:11:51Z	2	1	1158772682466496513
https://twitter.com/BrooklynPark/status/1160902585248886785	BrooklynPark	2019-08-12T13:15:19Z	3	1	1160902585248886785
https://twitter.com/JimOnCities/status/1160896977246261249	JimOnCities	2019-08-12T12:53:02Z	23	8	1160896977246261249
https://twitter.com/cityofkennesaw/status/1159566133801955328	cityofkennesaw	2019-08-08T20:44:44Z	4	1	1159566133801955328
https://twitter.com/cityofkennesaw/status/1159566136872185859	cityofkennesaw	2019-08-08T20:44:45Z	1	0	1159566136872185859
https://twitter.com/cityofkennesaw/status/1160893902288822272	cityofkennesaw	2019-08-12T12:40:49Z	0	2	1160893902288822272
https://twitter.com/cityofkennesaw/status/1159566139330125830	cityofkennesaw	2019-08-08T20:44:45Z	1	0	1159566139330125830
https://twitter.com/deboernancy/status/1160872574332616705	deboernancy	2019-08-12T11:16:04Z	10	5	1160872574332616705
https://twitter.com/DurhamCounty/status/1160264706390667265	DurhamCounty	2019-08-10T19:00:37Z	5	2	1160264706390667265
https://twitter.com/DurhamCounty/status/1159533379995471872	DurhamCounty	2019-08-08T18:34:35Z	10	5	1159533379995471872
https://twitter.com/DurhamCounty/status/1160717611224698882	DurhamCounty	2019-08-12T01:00:18Z	7	2	1160717611224698882
https://twitter.com/DurhamCounty/status/1159533386895187969	DurhamCounty	2019-08-08T18:34:37Z	3	0	1159533386895187969
https://twitter.com/MMLeague/status/1159139857895231488	MMLeague	2019-08-07T16:30:52Z	4	2	1159139857895231488
https://twitter.com/MMLeague/status/1160687543597375493	MMLeague	2019-08-11T23:00:49Z	15	6	1160687543597375493
https://twitter.com/MMLeague/status/1158475389255090176	MMLeague	2019-08-05T20:30:30Z	11	13	1158475389255090176
https://twitter.com/MMLeague/status/1159977924461809664	MMLeague	2019-08-10T00:01:03Z	1	1	1159977924461809664
https://twitter.com/fritzy00/status/1160680974444834816	fritzy00	2019-08-11T22:34:43Z	17	1	1160680974444834816
https://twitter.com/CityBocaRaton/status/1160619834352295938	CityBocaRaton	2019-08-11T18:31:46Z	7	6	1160619834352295938
https://twitter.com/sjharkins/status/1160341910218780672	sjharkins	2019-08-11T00:07:24Z	8	2	1160341910218780672
https://twitter.com/ULMHersey/status/1160164463519178752	ULMHersey	2019-08-10T12:22:17Z	2	0	1160164463519178752
https://twitter.com/AndrewNebus/status/1159938630099644416	AndrewNebus	2019-08-09T21:24:54Z	4	0	1159938630099644416
https://twitter.com/CitySiouxFalls/status/1159936650794930176	CitySiouxFalls	2019-08-09T21:17:02Z	13	3	1159936650794930176
https://twitter.com/GburgMD/status/1159936503268749312	GburgMD	2019-08-09T21:16:27Z	4	2	1159936503268749312
https://twitter.com/GburgMD/status/1159508390571323392	GburgMD	2019-08-08T16:55:17Z	12	6	1159508390571323392
https://twitter.com/GburgMD/status/1159466048845963267	GburgMD	2019-08-08T14:07:02Z	26	4	1159466048845963267
https://twitter.com/CityDaytona/status/1159923057894576128	CityDaytona	2019-08-09T20:23:01Z	1	3	1159923057894576128
https://twitter.com/it_misac/status/1159511343612907520	it_misac	2019-08-08T17:07:01Z	2	1	1159511343612907520
https://twitter.com/it_misac/status/1159917403893051394	it_misac	2019-08-09T20:00:33Z	0	0	1159917403893051394
https://twitter.com/TeamPrichard/status/1159895619999338496	TeamPrichard	2019-08-09T18:34:00Z	7	2	1159895619999338496
https://twitter.com/MinnesotaCities/status/1159870752876912640	MinnesotaCities	2019-08-09T16:55:11Z	2	3	1159870752876912640
https://twitter.com/CityHallSelfie/status/1159474587937042432	CityHallSelfie	2019-08-08T14:40:58Z	5	0	1159474587937042432
https://twitter.com/CityHallSelfie/status/1159863827988508673	CityHallSelfie	2019-08-09T16:27:40Z	2	0	1159863827988508673
https://twitter.com/CityofValdosta/status/1159836755933011969	CityofValdosta	2019-08-09T14:40:05Z	9	4	1159836755933011969
https://twitter.com/cambridgemned/status/1159834247433080832	cambridgemned	2019-08-09T14:30:07Z	2	0	1159834247433080832
https://twitter.com/JonStehle/status/1159828305618464769	JonStehle	2019-08-09T14:06:31Z	3	1	1159828305618464769
https://twitter.com/CocoaBeach_City/status/1159825793570074625	CocoaBeach_City	2019-08-09T13:56:32Z	2	1	1159825793570074625
https://twitter.com/SolutionsGMA/status/1159791480111865856	SolutionsGMA	2019-08-09T11:40:11Z	4	0	1159791480111865856
https://twitter.com/BarkmanSusan/status/1159658599947239424	BarkmanSusan	2019-08-09T02:52:10Z	17	2	1159658599947239424
https://twitter.com/Formerly_Fish/status/1159643750961963010	Formerly_Fish	2019-08-09T01:53:10Z	11	2	1159643750961963010
https://twitter.com/Formerly_Fish/status/1159543875909967873	Formerly_Fish	2019-08-08T19:16:17Z	11	1	1159543875909967873
https://twitter.com/dgold/status/1159641623288061952	dgold	2019-08-09T01:44:42Z	2	1	1159641623288061952
https://twitter.com/TammieGitt/status/1159619543683207168	TammieGitt	2019-08-09T00:16:58Z	5	0	1159619543683207168
https://twitter.com/CoMoGov/status/1159619118418579456	CoMoGov	2019-08-09T00:15:17Z	4	4	1159619118418579456
https://twitter.com/StevenTButer/status/1159610184844492800	StevenTButer	2019-08-08T23:39:47Z	16	2	1159610184844492800
https://twitter.com/cityofdentontx/status/1159577713901887488	cityofdentontx	2019-08-08T21:30:45Z	3	2	1159577713901887488
https://twitter.com/LittleRockCVB/status/1159544353557286914	LittleRockCVB	2019-08-08T19:18:11Z	2	0	1159544353557286914
https://twitter.com/LittleRockCVB/status/1159528204656402432	LittleRockCVB	2019-08-08T18:14:01Z	5	0	1159528204656402432
https://twitter.com/City_of_Irvine/status/1159542311606525952	City_of_Irvine	2019-08-08T19:10:04Z	9	2	1159542311606525952
https://twitter.com/heypamdavis/status/1159540700859502595	heypamdavis	2019-08-08T19:03:40Z	21	2	1159540700859502595
https://twitter.com/TownOfAmherst/status/1159539584612655104	TownOfAmherst	2019-08-08T18:59:14Z	9	5	1159539584612655104
https://twitter.com/kcemployees/status/1159525074598318080	kcemployees	2019-08-08T18:01:35Z	9	5	1159525074598318080
https://twitter.com/AzCities/status/1159508677012807682	AzCities	2019-08-08T16:56:25Z	7	6	1159508677012807682
https://twitter.com/BattleCreekCity/status/1159494929548283907	BattleCreekCity	2019-08-08T16:01:48Z	1	1	1159494929548283907
https://twitter.com/stephenmtanner/status/1159493519142203395	stephenmtanner	2019-08-08T15:56:11Z	7	2	1159493519142203395
https://twitter.com/CityofCantonGA/status/1159476560983990275	CityofCantonGA	2019-08-08T14:48:48Z	1	0	1159476560983990275
https://twitter.com/RealMaggieJones/status/1159474612016689152	RealMaggieJones	2019-08-08T14:41:04Z	4	0	1159474612016689152
https://twitter.com/cityofnkc/status/1159459979553910785	cityofnkc	2019-08-08T13:42:55Z	3	0	1159459979553910785
https://twitter.com/LeagueWIMunis/status/1159390804131155969	LeagueWIMunis	2019-08-08T09:08:02Z	2	1	1159390804131155969
https://twitter.com/BeckyBHC/status/1158687768513404928	BeckyBHC	2019-08-06T10:34:26Z	3	0	1158687768513404928
https://twitter.com/BeckyBHC/status/1159386366792237057	BeckyBHC	2019-08-08T08:50:24Z	2	0	1159386366792237057
https://twitter.com/MyPublicTweeter/status/1159277046469550080	MyPublicTweeter	2019-08-08T01:36:00Z	7	0	1159277046469550080
https://twitter.com/SavageLaura/status/1159192288163057664	SavageLaura	2019-08-07T19:59:12Z	5	0	1159192288163057664
https://twitter.com/libraryhillary/status/1159181223274545153	libraryhillary	2019-08-07T19:15:14Z	18	3	1159181223274545153
https://twitter.com/CityPortland/status/1159163848093552640	CityPortland	2019-08-07T18:06:12Z	10	5	1159163848093552640
https://twitter.com/dinberga07/status/1159119763974447104	dinberga07	2019-08-07T15:11:01Z	8	4	1159119763974447104
https://twitter.com/jtitkanich/status/1158971275190181889	jtitkanich	2019-08-07T05:20:59Z	0	0	1158971275190181889
https://twitter.com/jtitkanich/status/1158969818348961792	jtitkanich	2019-08-07T05:15:11Z	2	0	1158969818348961792
https://twitter.com/jtitkanich/status/1158970777951244288	jtitkanich	2019-08-07T05:19:00Z	4	0	1158970777951244288
https://twitter.com/jlvanderkolk/status/1158908440246460416	jlvanderkolk	2019-08-07T01:11:18Z	8	1	1158908440246460416
https://twitter.com/JosephWMead/status/1158471454423470080	JosephWMead	2019-08-05T20:14:52Z	23	1	1158471454423470080
https://twitter.com/HOTSPRINGSGOV/status/1158463630083526659	HOTSPRINGSGOV	2019-08-05T19:43:47Z	3	6	1158463630083526659
https://twitter.com/RSVLCityHall/status/1158449745238642689	RSVLCityHall	2019-08-05T18:48:36Z	4	1	1158449745238642689
https://twitter.com/rcvioli/status/1158377423924342784	rcvioli	2019-08-05T14:01:14Z	1	0	1158377423924342784
https://twitter.com/MCFFamily/status/1158165903776899072	MCFFamily	2019-08-05T00:00:43Z	1	1	1158165903776899072
https://twitter.com/WindwoodComms/status/1158148025056976897	WindwoodComms	2019-08-04T22:49:41Z	4	4	1158148025056976897
https://twitter.com/SteveCallaway2/status/1158057522026016768	SteveCallaway2	2019-08-04T16:50:03Z	29	3	1158057522026016768
https://twitter.com/SteveCallaway2/status/1158057522026016768	SteveCallaway2	2019-08-04T16:50:03Z	29	3	1158057522026016768
https://twitter.com/MYHBeach/status/1161427733865467905	MYHBeach	2019-08-14T00:02:04Z	0	0	1161427733865467905
https://twitter.com/HBParksRec/status/1161427482823856129	HBParksRec	2019-08-14T00:01:04Z	1	0	1161427482823856129
https://twitter.com/litchfieldpark/status/1161421176146546688	litchfieldpark	2019-08-13T23:36:01Z	8	4	1161421176146546688
https://twitter.com/it_misac/status/1161412159546568704	it_misac	2019-08-13T23:00:11Z	0	1	1161412159546568704
https://twitter.com/AzCities/status/1161396809798782976	AzCities	2019-08-13T21:59:11Z	9	6	1161396809798782976
https://twitter.com/AmberleyVillage/status/1161382342239379457	AmberleyVillage	2019-08-13T21:01:42Z	2	1	1161382342239379457
https://twitter.com/CityofPBG/status/1161381844341985282	CityofPBG	2019-08-13T20:59:43Z	2	1	1161381844341985282
https://twitter.com/MayorConger/status/1161715650139586560	MayorConger	2019-08-14T19:06:09Z	0	0	1161715650139586560
https://twitter.com/RoperClearfield/status/1161715144243593221	RoperClearfield	2019-08-14T19:04:08Z	0	0	1161715144243593221
https://twitter.com/Formerly_Fish/status/1161714504545243137	Formerly_Fish	2019-08-14T19:01:36Z	0	0	1161714504545243137
https://twitter.com/TownOfAmherst/status/1161669781742858240	TownOfAmherst	2019-08-14T16:03:53Z	2	1	1161669781742858240
https://twitter.com/TownOfAmherst/status/1161713571094568970	TownOfAmherst	2019-08-14T18:57:53Z	1	0	1161713571094568970
https://twitter.com/andreamwatts/status/1161710559336812545	andreamwatts	2019-08-14T18:45:55Z	1	0	1161710559336812545
https://twitter.com/nimbleground/status/1161710433297936385	nimbleground	2019-08-14T18:45:25Z	1	1	1161710433297936385
https://twitter.com/MainStreetJeff/status/1161709510127509504	MainStreetJeff	2019-08-14T18:41:45Z	0	0	1161709510127509504
https://twitter.com/cityofnewnanga/status/1161707475269296128	cityofnewnanga	2019-08-14T18:33:40Z	0	0	1161707475269296128
https://twitter.com/champaigncity/status/1161652295966384128	champaigncity	2019-08-14T14:54:24Z	2	1	1161652295966384128
https://twitter.com/champaigncity/status/1161706604070416384	champaigncity	2019-08-14T18:30:12Z	0	0	1161706604070416384
https://twitter.com/TownofBarreMA/status/1161704404074078209	TownofBarreMA	2019-08-14T18:21:28Z	0	1	1161704404074078209
https://twitter.com/CityLittleRock/status/1161703271519727623	CityLittleRock	2019-08-14T18:16:57Z	7	3	1161703271519727623
https://twitter.com/CityofSarasota/status/1161702161765548032	CityofSarasota	2019-08-14T18:12:33Z	5	2	1161702161765548032
https://twitter.com/ELGL50/status/1161699638971211776	ELGL50	2019-08-14T18:02:31Z	1	0	1161699638971211776
https://twitter.com/ELGL50/status/1161615056850702337	ELGL50	2019-08-14T12:26:25Z	1	1	1161615056850702337
https://twitter.com/DelawareIPA/status/1161697611356807169	DelawareIPA	2019-08-14T17:54:28Z	5	0	1161697611356807169
https://twitter.com/BloombergCities/status/1161639082746896384	BloombergCities	2019-08-14T14:01:54Z	28	14	1161639082746896384
https://twitter.com/BloombergCities/status/1161678628318568454	BloombergCities	2019-08-14T16:39:02Z	1	2	1161678628318568454
https://twitter.com/BloombergCities/status/1161696395084124161	BloombergCities	2019-08-14T17:49:38Z	1	1	1161696395084124161
https://twitter.com/BloombergCities/status/1161646859879878656	BloombergCities	2019-08-14T14:32:48Z	4	2	1161646859879878656
https://twitter.com/BloombergCities/status/1161662245954363394	BloombergCities	2019-08-14T15:33:56Z	3	2	1161662245954363394
https://twitter.com/BigShow18Browny/status/1161696049234419712	BigShow18Browny	2019-08-14T17:48:16Z	4	0	1161696049234419712
https://twitter.com/SustainableCT/status/1161695612980494336	SustainableCT	2019-08-14T17:46:32Z	1	0	1161695612980494336
https://twitter.com/mtnviewellen/status/1161692217280356352	mtnviewellen	2019-08-14T17:33:02Z	0	0	1161692217280356352
https://twitter.com/KershawCountySC/status/1161691725301256193	KershawCountySC	2019-08-14T17:31:05Z	0	0	1161691725301256193
https://twitter.com/KershawCountySC/status/1161661146350440449	KershawCountySC	2019-08-14T15:29:34Z	1	1	1161661146350440449
https://twitter.com/KershawCountySC/status/1161638627295879170	KershawCountySC	2019-08-14T14:00:05Z	0	0	1161638627295879170
https://twitter.com/FranciePalmer/status/1161690193432215552	FranciePalmer	2019-08-14T17:24:59Z	4	2	1161690193432215552
https://twitter.com/FranciePalmer/status/1161665573815635968	FranciePalmer	2019-08-14T15:47:10Z	1	1	1161665573815635968
https://twitter.com/ATL311/status/1161688965587619840	ATL311	2019-08-14T17:20:07Z	2	2	1161688965587619840
https://twitter.com/VTPublicPower/status/1161687732399280128	VTPublicPower	2019-08-14T17:15:13Z	0	0	1161687732399280128
https://twitter.com/VTPublicPower/status/1161657522400444416	VTPublicPower	2019-08-14T15:15:10Z	0	1	1161657522400444416
https://twitter.com/TownofSeverance/status/1161686262811627520	TownofSeverance	2019-08-14T17:09:22Z	1	1	1161686262811627520
https://twitter.com/CityofUPTX/status/1161685971714433025	CityofUPTX	2019-08-14T17:08:13Z	2	0	1161685971714433025
https://twitter.com/CityOfMargateFL/status/1161685908955025408	CityOfMargateFL	2019-08-14T17:07:58Z	0	0	1161685908955025408
https://twitter.com/MMLeague/status/1161684514181132288	MMLeague	2019-08-14T17:02:25Z	0	0	1161684514181132288
https://twitter.com/CityofMonterey/status/1161683683494883333	CityofMonterey	2019-08-14T16:59:07Z	0	0	1161683683494883333
https://twitter.com/JonStehle/status/1161678279373230080	JonStehle	2019-08-14T16:37:39Z	0	1	1161678279373230080
https://twitter.com/LissyKayAR/status/1161675600609927170	LissyKayAR	2019-08-14T16:27:00Z	0	0	1161675600609927170
https://twitter.com/LissyKayAR/status/1161678202097623040	LissyKayAR	2019-08-14T16:37:20Z	0	0	1161678202097623040
https://twitter.com/cityofappleton/status/1161675942063955968	cityofappleton	2019-08-14T16:28:22Z	0	0	1161675942063955968
https://twitter.com/GburgMD/status/1161675867321511936	GburgMD	2019-08-14T16:28:04Z	0	0	1161675867321511936
https://twitter.com/TheBaconDiaries/status/1161673237975060480	TheBaconDiaries	2019-08-14T16:17:37Z	1	0	1161673237975060480
https://twitter.com/ELGLSconnie/status/1161672563589730305	ELGLSconnie	2019-08-14T16:14:56Z	9	1	1161672563589730305
https://twitter.com/ELGLSconnie/status/1161672700978331648	ELGLSconnie	2019-08-14T16:15:29Z	1	1	1161672700978331648
https://twitter.com/BattleCreekCity/status/1161625576073048066	BattleCreekCity	2019-08-14T13:08:13Z	0	0	1161625576073048066
https://twitter.com/BattleCreekCity/status/1161669640935890946	BattleCreekCity	2019-08-14T16:03:19Z	1	1	1161669640935890946
https://twitter.com/BattleCreekCity/status/1161632909050175495	BattleCreekCity	2019-08-14T13:37:22Z	1	0	1161632909050175495
https://twitter.com/BattleCreekCity/status/1161625988758945792	BattleCreekCity	2019-08-14T13:09:52Z	0	1	1161625988758945792
https://twitter.com/BattleCreekCity/status/1161632265878888448	BattleCreekCity	2019-08-14T13:34:48Z	2	2	1161632265878888448
https://twitter.com/CityofDurhamNC/status/1161669226962268160	CityofDurhamNC	2019-08-14T16:01:41Z	0	0	1161669226962268160
https://twitter.com/CityofFontanaCA/status/1161668937253302279	CityofFontanaCA	2019-08-14T16:00:32Z	1	0	1161668937253302279
https://twitter.com/BenClarkPhD/status/1161668121318416389	BenClarkPhD	2019-08-14T15:57:17Z	3	0	1161668121318416389
https://twitter.com/TheJonTolbert/status/1161668034395803651	TheJonTolbert	2019-08-14T15:56:56Z	6	1	1161668034395803651
https://twitter.com/ciaocola/status/1161665960392253441	ciaocola	2019-08-14T15:48:42Z	0	0	1161665960392253441
https://twitter.com/ciaocola/status/1161666280828678147	ciaocola	2019-08-14T15:49:58Z	2	1	1161666280828678147
https://twitter.com/CityofCocoa/status/1161665937348673537	CityofCocoa	2019-08-14T15:48:36Z	1	1	1161665937348673537
https://twitter.com/DecaturParks/status/1161664189271826432	DecaturParks	2019-08-14T15:41:40Z	1	0	1161664189271826432
https://twitter.com/citiesassoc/status/1161663136681750528	citiesassoc	2019-08-14T15:37:29Z	8	3	1161663136681750528
https://twitter.com/CompCommunityDE/status/1161628162666696705	CompCommunityDE	2019-08-14T13:18:30Z	1	1	1161628162666696705
https://twitter.com/CompCommunityDE/status/1161649030641926144	CompCommunityDE	2019-08-14T14:41:25Z	0	0	1161649030641926144
https://twitter.com/CompCommunityDE/status/1161660789138296834	CompCommunityDE	2019-08-14T15:28:09Z	0	1	1161660789138296834
https://twitter.com/APAIndiana/status/1161657589349986306	APAIndiana	2019-08-14T15:15:26Z	3	0	1161657589349986306
https://twitter.com/SDMuniElectric/status/1161657084720615424	SDMuniElectric	2019-08-14T15:13:26Z	1	2	1161657084720615424
https://twitter.com/nick_ponton/status/1161656043736313858	nick_ponton	2019-08-14T15:09:18Z	4	0	1161656043736313858
https://twitter.com/joepdxgall/status/1161655901473820672	joepdxgall	2019-08-14T15:08:44Z	2	1	1161655901473820672
https://twitter.com/AllieLatragna/status/1161653130565570560	AllieLatragna	2019-08-14T14:57:43Z	3	1	1161653130565570560
https://twitter.com/Angelica_Online/status/1161651450646319104	Angelica_Online	2019-08-14T14:51:02Z	2	0	1161651450646319104
https://twitter.com/JimOnCities/status/1161650383820865538	JimOnCities	2019-08-14T14:46:48Z	9	4	1161650383820865538
https://twitter.com/RealMaggieJones/status/1161647346628931584	RealMaggieJones	2019-08-14T14:34:44Z	3	2	1161647346628931584
https://twitter.com/TownofPikeRoad/status/1161644921427771393	TownofPikeRoad	2019-08-14T14:25:06Z	0	1	1161644921427771393
https://twitter.com/CityofNewBerlin/status/1161644449572761601	CityofNewBerlin	2019-08-14T14:23:13Z	2	2	1161644449572761601
https://twitter.com/mrs_aiello/status/1161642392363163649	mrs_aiello	2019-08-14T14:15:03Z	14	6	1161642392363163649
https://twitter.com/kowyatt/status/1161641739783790595	kowyatt	2019-08-14T14:12:27Z	11	4	1161641739783790595
https://twitter.com/CCM_ForCT/status/1161640540783423488	CCM_ForCT	2019-08-14T14:07:41Z	4	2	1161640540783423488
https://twitter.com/CCM_ForCT/status/1161612259052982272	CCM_ForCT	2019-08-14T12:15:18Z	3	0	1161612259052982272
https://twitter.com/jpwcomm/status/1161637401082650624	jpwcomm	2019-08-14T13:55:13Z	2	2	1161637401082650624
https://twitter.com/FVSU/status/1161632902817427464	FVSU	2019-08-14T13:37:20Z	3	0	1161632902817427464
https://twitter.com/FVSU/status/1161625224082857996	FVSU	2019-08-14T13:06:50Z	3	2	1161625224082857996
https://twitter.com/JenWCasey/status/1161630120190316545	JenWCasey	2019-08-14T13:26:17Z	7	2	1161630120190316545
https://twitter.com/CityofAtlanta/status/1161629266624299009	CityofAtlanta	2019-08-14T13:22:53Z	35	22	1161629266624299009
https://twitter.com/lawrenceks/status/1161628942811521025	lawrenceks	2019-08-14T13:21:36Z	2	1	1161628942811521025
https://twitter.com/CitySanfordFL/status/1161625084668391424	CitySanfordFL	2019-08-14T13:06:16Z	2	1	1161625084668391424
https://twitter.com/lprdks/status/1161623553835524097	lprdks	2019-08-14T13:00:11Z	0	0	1161623553835524097
https://twitter.com/andrewecoulson/status/1161612031205580804	andrewecoulson	2019-08-14T12:14:24Z	3	0	1161612031205580804
https://twitter.com/andrewecoulson/status/1161621365444661254	andrewecoulson	2019-08-14T12:51:30Z	1	0	1161621365444661254
https://twitter.com/BeckyBHC/status/1161618001013035008	BeckyBHC	2019-08-14T12:38:07Z	1	3	1161618001013035008
https://twitter.com/kwyatt23/status/1161617781227315200	kwyatt23	2019-08-14T12:37:15Z	10	6	1161617781227315200
https://twitter.com/MarcosPena54/status/1161616103832989697	MarcosPena54	2019-08-14T12:30:35Z	1	1	1161616103832989697
https://twitter.com/UNCMPA/status/1161615718422466564	UNCMPA	2019-08-14T12:29:03Z	5	1	1161615718422466564
https://twitter.com/OfCounties/status/1161607979201904640	OfCounties	2019-08-14T11:58:18Z	1	0	1161607979201904640
https://twitter.com/77ccampbell/status/1161607025794699264	77ccampbell	2019-08-14T11:54:31Z	9	0	1161607025794699264
https://twitter.com/SRQCountyGov/status/1161600906225508353	SRQCountyGov	2019-08-14T11:30:12Z	2	1	1161600906225508353
https://twitter.com/HollyMcPhail/status/1161597303213481987	HollyMcPhail	2019-08-14T11:15:53Z	4	0	1161597303213481987
https://twitter.com/MCFFamily/status/1161578626372034560	MCFFamily	2019-08-14T10:01:40Z	0	1	1161578626372034560
https://twitter.com/JennCurmacho/status/1161509762640613376	JennCurmacho	2019-08-14T05:28:01Z	2	0	1161509762640613376
https://twitter.com/MadisonThesing/status/1161504570704572416	MadisonThesing	2019-08-14T05:07:24Z	5	1	1161504570704572416
https://twitter.com/CityOfRC/status/1161500449402433536	CityOfRC	2019-08-14T04:51:01Z	4	1	1161500449402433536
https://twitter.com/jtitkanich/status/1161478609586049025	jtitkanich	2019-08-14T03:24:14Z	10	2	1161478609586049025
https://twitter.com/lagrangegaGOV/status/1161471875962343424	lagrangegaGOV	2019-08-14T02:57:28Z	0	2	1161471875962343424
https://twitter.com/City_of_Irvine/status/1161457444775694336	City_of_Irvine	2019-08-14T02:00:08Z	2	1	1161457444775694336
https://twitter.com/DanPopping/status/1161801787692552192	DanPopping	2019-08-15T00:48:26Z	0	0	1161801787692552192
https://twitter.com/DanPopping/status/1161796846760497153	DanPopping	2019-08-15T00:28:48Z	0	0	1161796846760497153
https://twitter.com/DanPopping/status/1161795839938797568	DanPopping	2019-08-15T00:24:48Z	1	0	1161795839938797568
https://twitter.com/andrewecoulson/status/1161801515066990593	andrewecoulson	2019-08-15T00:47:21Z	0	0	1161801515066990593
https://twitter.com/andrewecoulson/status/1161772019584622597	andrewecoulson	2019-08-14T22:50:08Z	4	1	1161772019584622597
https://twitter.com/andrewecoulson/status/1161765369507270656	andrewecoulson	2019-08-14T22:23:43Z	14	3	1161765369507270656
https://twitter.com/BangtheTable/status/1161796641252233216	BangtheTable	2019-08-15T00:27:59Z	1	0	1161796641252233216
https://twitter.com/BangtheTable/status/1161797099614167040	BangtheTable	2019-08-15T00:29:48Z	0	0	1161797099614167040
https://twitter.com/BattleCreekCity/status/1161796792796811271	BattleCreekCity	2019-08-15T00:28:35Z	0	0	1161796792796811271
https://twitter.com/kowyatt/status/1161796566140649472	kowyatt	2019-08-15T00:27:41Z	0	0	1161796566140649472
https://twitter.com/kowyatt/status/1161794942164856832	kowyatt	2019-08-15T00:21:13Z	1	0	1161794942164856832
https://twitter.com/GilbertYourTown/status/1161794559791312896	GilbertYourTown	2019-08-15T00:19:42Z	12	0	1161794559791312896
https://twitter.com/CoMoGov/status/1161787711453323265	CoMoGov	2019-08-14T23:52:30Z	0	1	1161787711453323265
https://twitter.com/heypamdavis/status/1161782424180629505	heypamdavis	2019-08-14T23:31:29Z	10	2	1161782424180629505
https://twitter.com/provocouncil/status/1161778272885067776	provocouncil	2019-08-14T23:14:59Z	1	1	1161778272885067776
https://twitter.com/Chattanooga_gov/status/1161776795559124992	Chattanooga_gov	2019-08-14T23:09:07Z	8	0	1161776795559124992
https://twitter.com/CityofPhoenixAZ/status/1161774569977503744	CityofPhoenixAZ	2019-08-14T23:00:16Z	15	4	1161774569977503744
https://twitter.com/CityofPhoenixAZ/status/1161748126174261248	CityofPhoenixAZ	2019-08-14T21:15:12Z	14	2	1161748126174261248
https://twitter.com/ELGL50/status/1161766657150210048	ELGL50	2019-08-14T22:28:50Z	6	2	1161766657150210048
https://twitter.com/CompCommunityDE/status/1161765739893858304	CompCommunityDE	2019-08-14T22:25:11Z	0	0	1161765739893858304
https://twitter.com/allynnnicole/status/1161762723643813888	allynnnicole	2019-08-14T22:13:12Z	6	2	1161762723643813888
https://twitter.com/AppletonPD_WI/status/1161762648498851841	AppletonPD_WI	2019-08-14T22:12:54Z	4	1	1161762648498851841
https://twitter.com/VPCloudCarl/status/1161760414885195776	VPCloudCarl	2019-08-14T22:04:02Z	4	1	1161760414885195776
https://twitter.com/BeckyBHC/status/1161760070654316544	BeckyBHC	2019-08-14T22:02:39Z	2	0	1161760070654316544
https://twitter.com/BeckyBHC/status/1161747107167891456	BeckyBHC	2019-08-14T21:11:09Z	5	1	1161747107167891456
https://twitter.com/cityofurbana/status/1161753981904805888	cityofurbana	2019-08-14T21:38:28Z	2	1	1161753981904805888
https://twitter.com/LeagueWIMunis/status/1161749948284710912	LeagueWIMunis	2019-08-14T21:22:26Z	2	0	1161749948284710912
https://twitter.com/LeagueWIMunis/status/1161747904278749184	LeagueWIMunis	2019-08-14T21:14:19Z	1	1	1161747904278749184
https://twitter.com/WhatWorksCities/status/1161748263814479873	WhatWorksCities	2019-08-14T21:15:44Z	12	3	1161748263814479873
https://twitter.com/LissyKayAR/status/1161744997055705088	LissyKayAR	2019-08-14T21:02:46Z	2	0	1161744997055705088
https://twitter.com/LissyKayAR/status/1161747744144482307	LissyKayAR	2019-08-14T21:13:41Z	3	1	1161747744144482307
https://twitter.com/CityofShawneeKS/status/1161736257145364481	CityofShawneeKS	2019-08-14T20:28:02Z	3	0	1161736257145364481
https://twitter.com/AZSurprise/status/1161734769664843777	AZSurprise	2019-08-14T20:22:07Z	1	1	1161734769664843777
https://twitter.com/Rockville411/status/1161734750396211200	Rockville411	2019-08-14T20:22:03Z	2	0	1161734750396211200
https://twitter.com/WindsorSeniors/status/1161733757507796992	WindsorSeniors	2019-08-14T20:18:06Z	3	0	1161733757507796992
https://twitter.com/CityofTLH/status/1161729987818479616	CityofTLH	2019-08-14T20:03:07Z	15	2	1161729987818479616
https://twitter.com/stlouispark/status/1161729204536279040	stlouispark	2019-08-14T20:00:00Z	3	0	1161729204536279040
https://twitter.com/ShawnaLynne11/status/1161729158482989062	ShawnaLynne11	2019-08-14T19:59:49Z	2	0	1161729158482989062
https://twitter.com/wkagarise/status/1161728306938408960	wkagarise	2019-08-14T19:56:26Z	5	2	1161728306938408960
https://twitter.com/CityOfMemphis/status/1161727024563740673	CityOfMemphis	2019-08-14T19:51:21Z	4	3	1161727024563740673
https://twitter.com/Lincolnshire_IL/status/1161726486136676353	Lincolnshire_IL	2019-08-14T19:49:12Z	2	0	1161726486136676353
https://twitter.com/VisitJacksonTN/status/1161725882458943488	VisitJacksonTN	2019-08-14T19:46:48Z	1	0	1161725882458943488
https://twitter.com/carlisleborough/status/1161724237251563520	carlisleborough	2019-08-14T19:40:16Z	1	0	1161724237251563520
https://twitter.com/BloombergCities/status/1161723532398780416	BloombergCities	2019-08-14T19:37:28Z	5	1	1161723532398780416
https://twitter.com/DurhamCounty/status/1161723154974289920	DurhamCounty	2019-08-14T19:35:58Z	7	3	1161723154974289920
https://twitter.com/CityofDuarte/status/1161721770128400384	CityofDuarte	2019-08-14T19:30:28Z	1	0	1161721770128400384
https://twitter.com/BrooklynPark/status/1161721149065236482	BrooklynPark	2019-08-14T19:28:00Z	12	0	1161721149065236482
https://twitter.com/TownOfAmherst/status/1161718249593196544	TownOfAmherst	2019-08-14T19:16:29Z	2	0	1161718249593196544
https://twitter.com/chartgrove/status/1161979472733712385	chartgrove	2019-08-15T12:34:29Z	1	1	1161979472733712385
https://twitter.com/AmberleyVillage/status/1161979329527635968	AmberleyVillage	2019-08-15T12:33:55Z	1	0	1161979329527635968
https://twitter.com/citybeautiful/status/1161979121871835136	citybeautiful	2019-08-15T12:33:05Z	3	0	1161979121871835136
https://twitter.com/CityHallSelfie/status/1161977920065343488	CityHallSelfie	2019-08-15T12:28:19Z	2	1	1161977920065343488
https://twitter.com/CityHallSelfie/status/1161965555340857347	CityHallSelfie	2019-08-15T11:39:11Z	2	0	1161965555340857347
https://twitter.com/CityHallSelfie/status/1161979077147930624	CityHallSelfie	2019-08-15T12:32:55Z	0	0	1161979077147930624
https://twitter.com/CityHallSelfie/status/1161978528474324994	CityHallSelfie	2019-08-15T12:30:44Z	2	0	1161978528474324994
https://twitter.com/CityHallSelfie/status/1161971477073321984	CityHallSelfie	2019-08-15T12:02:43Z	3	1	1161971477073321984
https://twitter.com/CityHallSelfie/status/1161969815638151169	CityHallSelfie	2019-08-15T11:56:07Z	2	0	1161969815638151169
https://twitter.com/ilhan52071835/status/1161978988031553536	ilhan52071835	2019-08-15T12:32:33Z	0	0	1161978988031553536
https://twitter.com/TownofLBK/status/1161978802370744320	TownofLBK	2019-08-15T12:31:49Z	2	0	1161978802370744320
https://twitter.com/kwyatt23/status/1161978636171243525	kwyatt23	2019-08-15T12:31:10Z	1	0	1161978636171243525
https://twitter.com/kwyatt23/status/1161965155044843521	kwyatt23	2019-08-15T11:37:35Z	2	2	1161965155044843521
https://twitter.com/kwyatt23/status/1161972773964484608	kwyatt23	2019-08-15T12:07:52Z	6	0	1161972773964484608
https://twitter.com/kwyatt23/status/1161977527377653760	kwyatt23	2019-08-15T12:26:45Z	1	0	1161977527377653760
https://twitter.com/kwyatt23/status/1161962604333375488	kwyatt23	2019-08-15T11:27:27Z	0	0	1161962604333375488
https://twitter.com/kwyatt23/status/1161824051901259776	kwyatt23	2019-08-15T02:16:54Z	28	11	1161824051901259776
https://twitter.com/kwyatt23/status/1161975865682489345	kwyatt23	2019-08-15T12:20:09Z	3	1	1161975865682489345
https://twitter.com/kwyatt23/status/1161957803298189312	kwyatt23	2019-08-15T11:08:23Z	0	0	1161957803298189312
https://twitter.com/kwyatt23/status/1161960075285581825	kwyatt23	2019-08-15T11:17:24Z	16	4	1161960075285581825
https://twitter.com/CvilleCityHall/status/1161974691214610434	CvilleCityHall	2019-08-15T12:15:29Z	3	1	1161974691214610434
https://twitter.com/CvilleCityHall/status/1161970836405985280	CvilleCityHall	2019-08-15T12:00:10Z	1	1	1161970836405985280
https://twitter.com/CvilleCityHall/status/1161978634258849792	CvilleCityHall	2019-08-15T12:31:09Z	2	1	1161978634258849792
https://twitter.com/ARMuniLeague/status/1161977422134333440	ARMuniLeague	2019-08-15T12:26:20Z	1	0	1161977422134333440
https://twitter.com/ARMuniLeague/status/1161978563865841664	ARMuniLeague	2019-08-15T12:30:52Z	0	0	1161978563865841664
https://twitter.com/HomeServeUSNews/status/1161978477589016577	HomeServeUSNews	2019-08-15T12:30:32Z	1	0	1161978477589016577
https://twitter.com/mplsclerk/status/1161978416779988992	mplsclerk	2019-08-15T12:30:17Z	3	0	1161978416779988992
https://twitter.com/SRQCountyGov/status/1161971044128829442	SRQCountyGov	2019-08-15T12:00:59Z	2	0	1161971044128829442
https://twitter.com/SRQCountyGov/status/1161978401856643072	SRQCountyGov	2019-08-15T12:30:14Z	2	1	1161978401856643072
https://twitter.com/SRQCountyGov/status/1161967042376994816	SRQCountyGov	2019-08-15T11:45:05Z	5	1	1161967042376994816
https://twitter.com/SRQCountyGov/status/1161964517749854209	SRQCountyGov	2019-08-15T11:35:03Z	5	0	1161964517749854209
https://twitter.com/CityOfRC/status/1161978358718226433	CityOfRC	2019-08-15T12:30:03Z	2	0	1161978358718226433
https://twitter.com/kim_hodo/status/1161964115025416193	kim_hodo	2019-08-15T11:33:27Z	6	2	1161964115025416193
https://twitter.com/kim_hodo/status/1161978288098684930	kim_hodo	2019-08-15T12:29:47Z	3	0	1161978288098684930
https://twitter.com/MtPleasantGov/status/1161978186185478144	MtPleasantGov	2019-08-15T12:29:22Z	3	0	1161978186185478144
https://twitter.com/BattleCreekCity/status/1161978159681736704	BattleCreekCity	2019-08-15T12:29:16Z	2	3	1161978159681736704
https://twitter.com/TJCOGnc/status/1161977558579240960	TJCOGnc	2019-08-15T12:26:53Z	3	1	1161977558579240960
https://twitter.com/CityofSarasota/status/1161977528032137216	CityofSarasota	2019-08-15T12:26:45Z	3	3	1161977528032137216
https://twitter.com/JavonDDavis/status/1161977317838741504	JavonDDavis	2019-08-15T12:25:55Z	2	0	1161977317838741504
https://twitter.com/LeagueWIMunis/status/1161848394551369735	LeagueWIMunis	2019-08-15T03:53:38Z	4	4	1161848394551369735
https://twitter.com/LeagueWIMunis/status/1161843892129607681	LeagueWIMunis	2019-08-15T03:35:44Z	3	3	1161843892129607681
https://twitter.com/LeagueWIMunis/status/1161976169937473537	LeagueWIMunis	2019-08-15T12:21:22Z	2	0	1161976169937473537
https://twitter.com/LeagueWIMunis/status/1161977005497344002	LeagueWIMunis	2019-08-15T12:24:41Z	2	0	1161977005497344002
https://twitter.com/LeagueWIMunis/status/1161844425703743488	LeagueWIMunis	2019-08-15T03:37:51Z	3	0	1161844425703743488
https://twitter.com/LeagueWIMunis/status/1161855766443245568	LeagueWIMunis	2019-08-15T04:22:55Z	3	1	1161855766443245568
https://twitter.com/LeagueWIMunis/status/1161972568951271426	LeagueWIMunis	2019-08-15T12:07:03Z	1	1	1161972568951271426
https://twitter.com/LeagueWIMunis/status/1159393401084813313	LeagueWIMunis	2019-08-08T09:18:21Z	0	0	1159393401084813313
https://twitter.com/ELGLJobs/status/1161976554638860288	ELGLJobs	2019-08-15T12:22:53Z	2	0	1161976554638860288
https://twitter.com/regeslawless/status/1161976346937044994	regeslawless	2019-08-15T12:22:04Z	0	0	1161976346937044994
https://twitter.com/CvilleEconDev/status/1161976277856731138	CvilleEconDev	2019-08-15T12:21:47Z	7	3	1161976277856731138
https://twitter.com/SEELGL/status/1161975945223270402	SEELGL	2019-08-15T12:20:28Z	4	1	1161975945223270402
https://twitter.com/SEELGL/status/1161966638352093185	SEELGL	2019-08-15T11:43:29Z	1	0	1161966638352093185
https://twitter.com/SEELGL/status/1161965386427879425	SEELGL	2019-08-15T11:38:31Z	1	0	1161965386427879425
https://twitter.com/SEELGL/status/1161969799846477829	SEELGL	2019-08-15T11:56:03Z	2	0	1161969799846477829
https://twitter.com/SEELGL/status/1161972895171485697	SEELGL	2019-08-15T12:08:21Z	1	0	1161972895171485697
https://twitter.com/HollyMcPhail/status/1161975896523313152	HollyMcPhail	2019-08-15T12:20:16Z	4	1	1161975896523313152
https://twitter.com/HollyMcPhail/status/1161973251909857280	HollyMcPhail	2019-08-15T12:09:46Z	1	0	1161973251909857280
https://twitter.com/HollyMcPhail/status/1161970480200454145	HollyMcPhail	2019-08-15T11:58:45Z	1	1	1161970480200454145
https://twitter.com/CHunschofsky/status/1161963416556322817	CHunschofsky	2019-08-15T11:30:41Z	6	2	1161963416556322817
https://twitter.com/CHunschofsky/status/1161975616276697088	CHunschofsky	2019-08-15T12:19:10Z	3	1	1161975616276697088
https://twitter.com/kowyatt/status/1161864459733782529	kowyatt	2019-08-15T04:57:28Z	3	0	1161864459733782529
https://twitter.com/kowyatt/status/1161973408260734976	kowyatt	2019-08-15T12:10:23Z	1	0	1161973408260734976
https://twitter.com/kowyatt/status/1161952448983863296	kowyatt	2019-08-15T10:47:06Z	1	0	1161952448983863296
https://twitter.com/kowyatt/status/1161958278818983936	kowyatt	2019-08-15T11:10:16Z	1	0	1161958278818983936
https://twitter.com/kowyatt/status/1161869992079421440	kowyatt	2019-08-15T05:19:27Z	0	0	1161869992079421440
https://twitter.com/kowyatt/status/1161966524225056769	kowyatt	2019-08-15T11:43:02Z	1	0	1161966524225056769
https://twitter.com/kowyatt/status/1161974117207166983	kowyatt	2019-08-15T12:13:12Z	4	0	1161974117207166983
https://twitter.com/kowyatt/status/1161950879030792192	kowyatt	2019-08-15T10:40:52Z	3	0	1161950879030792192
https://twitter.com/kowyatt/status/1161975598752735232	kowyatt	2019-08-15T12:19:05Z	2	0	1161975598752735232
https://twitter.com/kowyatt/status/1161972186896191495	kowyatt	2019-08-15T12:05:32Z	10	0	1161972186896191495
https://twitter.com/kowyatt/status/1161971447117467648	kowyatt	2019-08-15T12:02:36Z	12	1	1161971447117467648
https://twitter.com/kowyatt/status/1161822332412817409	kowyatt	2019-08-15T02:10:04Z	0	0	1161822332412817409
https://twitter.com/NEELGL/status/1161975336902414343	NEELGL	2019-08-15T12:18:03Z	2	0	1161975336902414343
https://twitter.com/NEELGL/status/1161971161560801280	NEELGL	2019-08-15T12:01:27Z	2	0	1161971161560801280
https://twitter.com/KCMOCityAuditor/status/1161975150620958720	KCMOCityAuditor	2019-08-15T12:17:19Z	4	1	1161975150620958720
https://twitter.com/LouDataOfficer/status/1161975130517626880	LouDataOfficer	2019-08-15T12:17:14Z	2	2	1161975130517626880
https://twitter.com/ChiefGrogan/status/1161975042177155078	ChiefGrogan	2019-08-15T12:16:53Z	4	0	1161975042177155078
https://twitter.com/ChiefGrogan/status/1161955560100642817	ChiefGrogan	2019-08-15T10:59:28Z	18	0	1161955560100642817
https://twitter.com/tylerdunegan/status/1161974727801528320	tylerdunegan	2019-08-15T12:15:38Z	2	0	1161974727801528320
https://twitter.com/arndtjam13/status/1161974171120918528	arndtjam13	2019-08-15T12:13:25Z	1	0	1161974171120918528
https://twitter.com/MichaelSesma/status/1161974132659118080	MichaelSesma	2019-08-15T12:13:16Z	2	0	1161974132659118080
https://twitter.com/cassiejoaz/status/1161973984667168769	cassiejoaz	2019-08-15T12:12:41Z	3	1	1161973984667168769
https://twitter.com/loribush/status/1161973880728227840	loribush	2019-08-15T12:12:16Z	3	1	1161973880728227840
https://twitter.com/loribush/status/1161828068379549704	loribush	2019-08-15T02:32:51Z	13	3	1161828068379549704
https://twitter.com/JimOnCities/status/1161973841293393920	JimOnCities	2019-08-15T12:12:06Z	10	1	1161973841293393920
https://twitter.com/StefanEiriks/status/1161973650888830985	StefanEiriks	2019-08-15T12:11:21Z	3	0	1161973650888830985
https://twitter.com/smarterlocalgov/status/1161973327348621312	smarterlocalgov	2019-08-15T12:10:04Z	1	0	1161973327348621312
https://twitter.com/smarterlocalgov/status/1161973445875372032	smarterlocalgov	2019-08-15T12:10:32Z	2	0	1161973445875372032
https://twitter.com/dgean79/status/1161973430775877633	dgean79	2019-08-15T12:10:28Z	1	0	1161973430775877633
https://twitter.com/HannaKautto/status/1161973184075390976	HannaKautto	2019-08-15T12:09:30Z	4	0	1161973184075390976
https://twitter.com/cityofnkc/status/1161972716389511174	cityofnkc	2019-08-15T12:07:38Z	2	1	1161972716389511174
https://twitter.com/yesthatmatthorn/status/1161972712597794816	yesthatmatthorn	2019-08-15T12:07:37Z	4	1	1161972712597794816
https://twitter.com/BrooklynPark/status/1161972303552376838	BrooklynPark	2019-08-15T12:06:00Z	2	0	1161972303552376838
https://twitter.com/EspooEsbo/status/1161971821580869632	EspooEsbo	2019-08-15T12:04:05Z	9	4	1161971821580869632
https://twitter.com/UtilitySP/status/1161971077800693760	UtilitySP	2019-08-15T12:01:07Z	1	2	1161971077800693760
https://twitter.com/RRutilities/status/1161971071387672576	RRutilities	2019-08-15T12:01:06Z	3	0	1161971071387672576
https://twitter.com/CityofDurhamNC/status/1161971066669084672	CityofDurhamNC	2019-08-15T12:01:05Z	4	1	1161971066669084672
https://twitter.com/JTGreiner/status/1161970925086093315	JTGreiner	2019-08-15T12:00:31Z	3	1	1161970925086093315
https://twitter.com/andyschor/status/1161970853246115846	andyschor	2019-08-15T12:00:14Z	11	2	1161970853246115846
https://twitter.com/CityParklandFL/status/1161970852277227521	CityParklandFL	2019-08-15T12:00:14Z	2	0	1161970852277227521
https://twitter.com/MayorCarlislePa/status/1161970102369173504	MayorCarlislePa	2019-08-15T11:57:15Z	5	2	1161970102369173504
https://twitter.com/LissyKayAR/status/1161953931771154432	LissyKayAR	2019-08-15T10:53:00Z	5	2	1161953931771154432
https://twitter.com/LissyKayAR/status/1161969574201503744	LissyKayAR	2019-08-15T11:55:09Z	1	1	1161969574201503744
https://twitter.com/LissyKayAR/status/1161958566447734784	LissyKayAR	2019-08-15T11:11:25Z	2	0	1161958566447734784
https://twitter.com/UFSarasotaExt/status/1161969394643296257	UFSarasotaExt	2019-08-15T11:54:26Z	3	1	1161969394643296257
https://twitter.com/MountainELGL/status/1161969269464154112	MountainELGL	2019-08-15T11:53:56Z	3	0	1161969269464154112
https://twitter.com/CityPortland/status/1161969185565659136	CityPortland	2019-08-15T11:53:36Z	2	1	1161969185565659136
https://twitter.com/CALELGL/status/1161968460244508672	CALELGL	2019-08-15T11:50:43Z	1	0	1161968460244508672
https://twitter.com/SEMCOG/status/1161968390585638913	SEMCOG	2019-08-15T11:50:27Z	2	1	1161968390585638913
https://twitter.com/BuzzInsoliteFr/status/1161968314064801792	BuzzInsoliteFr	2019-08-15T11:50:09Z	0	0	1161968314064801792
https://twitter.com/TownofCary/status/1161968081482203137	TownofCary	2019-08-15T11:49:13Z	5	3	1161968081482203137
https://twitter.com/AmandaDaflos/status/1161967813721899008	AmandaDaflos	2019-08-15T11:48:09Z	3	1	1161967813721899008
https://twitter.com/andrewecoulson/status/1161967089655021569	andrewecoulson	2019-08-15T11:45:17Z	1	0	1161967089655021569
https://twitter.com/andrewecoulson/status/1161966545267900416	andrewecoulson	2019-08-15T11:43:07Z	1	0	1161966545267900416
https://twitter.com/andrewecoulson/status/1161966734137384961	andrewecoulson	2019-08-15T11:43:52Z	0	0	1161966734137384961
https://twitter.com/andrewecoulson/status/1161821360928124928	andrewecoulson	2019-08-15T02:06:12Z	3	0	1161821360928124928
https://twitter.com/andrewecoulson/status/1161820414382759938	andrewecoulson	2019-08-15T02:02:27Z	4	1	1161820414382759938
https://twitter.com/andrewecoulson/status/1161966630684909570	andrewecoulson	2019-08-15T11:43:27Z	1	1	1161966630684909570
https://twitter.com/andrewecoulson/status/1161824921686663168	andrewecoulson	2019-08-15T02:20:21Z	9	2	1161824921686663168
https://twitter.com/andrewecoulson/status/1161967199898107906	andrewecoulson	2019-08-15T11:45:43Z	2	0	1161967199898107906
https://twitter.com/andrewecoulson/status/1161892802172604416	andrewecoulson	2019-08-15T06:50:05Z	2	0	1161892802172604416
https://twitter.com/andrewecoulson/status/1161879290570399744	andrewecoulson	2019-08-15T05:56:24Z	4	2	1161879290570399744
https://twitter.com/andrewecoulson/status/1161966848058937344	andrewecoulson	2019-08-15T11:44:19Z	0	1	1161966848058937344
https://twitter.com/andrewecoulson/status/1161808179103031298	andrewecoulson	2019-08-15T01:13:49Z	3	1	1161808179103031298
https://twitter.com/andrewecoulson/status/1161803455821783040	andrewecoulson	2019-08-15T00:55:03Z	2	0	1161803455821783040
https://twitter.com/andrewecoulson/status/1161881869111058432	andrewecoulson	2019-08-15T06:06:38Z	3	0	1161881869111058432
https://twitter.com/andrewecoulson/status/1161828928903757826	andrewecoulson	2019-08-15T02:36:17Z	4	0	1161828928903757826
https://twitter.com/andrewecoulson/status/1161966952899723264	andrewecoulson	2019-08-15T11:44:44Z	0	1	1161966952899723264
https://twitter.com/andrewecoulson/status/1161966443245776896	andrewecoulson	2019-08-15T11:42:43Z	1	1	1161966443245776896
https://twitter.com/andrewecoulson/status/1161813364776898560	andrewecoulson	2019-08-15T01:34:26Z	6	2	1161813364776898560
https://twitter.com/MidwestELGL/status/1161966001736470528	MidwestELGL	2019-08-15T11:40:57Z	0	1	1161966001736470528
https://twitter.com/amyTmcg/status/1161965924209045505	amyTmcg	2019-08-15T11:40:39Z	4	0	1161965924209045505
https://twitter.com/mayor72719/status/1161964001208782849	mayor72719	2019-08-15T11:33:00Z	0	2	1161964001208782849
https://twitter.com/BeckyBHC/status/1161963108081868800	BeckyBHC	2019-08-15T11:29:27Z	2	0	1161963108081868800
https://twitter.com/BeckyBHC/status/1161846328659333120	BeckyBHC	2019-08-15T03:45:25Z	17	7	1161846328659333120
https://twitter.com/abbyjfitch/status/1161963096119713794	abbyjfitch	2019-08-15T11:29:25Z	1	0	1161963096119713794
https://twitter.com/abbyjfitch/status/1161962440097009664	abbyjfitch	2019-08-15T11:26:48Z	0	0	1161962440097009664
https://twitter.com/AdriaF/status/1161962232579801093	AdriaF	2019-08-15T11:25:59Z	2	0	1161962232579801093
https://twitter.com/heypamdavis/status/1161962120096800769	heypamdavis	2019-08-15T11:25:32Z	25	2	1161962120096800769
https://twitter.com/PamHylton/status/1161961543359172608	PamHylton	2019-08-15T11:23:14Z	2	1	1161961543359172608
https://twitter.com/jessgrondin/status/1161961073702002693	jessgrondin	2019-08-15T11:21:22Z	10	2	1161961073702002693
https://twitter.com/CityofCantonGA/status/1161960608591486978	CityofCantonGA	2019-08-15T11:19:31Z	2	2	1161960608591486978
https://twitter.com/VTPublicPower/status/1161959499860774913	VTPublicPower	2019-08-15T11:15:07Z	3	0	1161959499860774913
https://twitter.com/MayorBernardNA/status/1161958092650754048	MayorBernardNA	2019-08-15T11:09:32Z	8	2	1161958092650754048
https://twitter.com/LittleRockZoo/status/1161957854540161024	LittleRockZoo	2019-08-15T11:08:35Z	7	1	1161957854540161024
https://twitter.com/HetaAngesleva/status/1161957466608943104	HetaAngesleva	2019-08-15T11:07:02Z	2	1	1161957466608943104
https://twitter.com/CityofAsheville/status/1161955812992049152	CityofAsheville	2019-08-15T11:00:28Z	7	2	1161955812992049152
https://twitter.com/melemliz/status/1161955772311515136	melemliz	2019-08-15T11:00:18Z	1	1	1161955772311515136
https://twitter.com/becpentland/status/1161955474784305154	becpentland	2019-08-15T10:59:07Z	0	0	1161955474784305154
https://twitter.com/helsinki/status/1161951674858184705	helsinki	2019-08-15T10:44:01Z	17	5	1161951674858184705
https://twitter.com/MuscottDana/status/1161949601588494336	MuscottDana	2019-08-15T10:35:47Z	0	0	1161949601588494336
https://twitter.com/tyforsalem/status/1161944936239046657	tyforsalem	2019-08-15T10:17:15Z	5	0	1161944936239046657
https://twitter.com/sannamarijantti/status/1161944555819868160	sannamarijantti	2019-08-15T10:15:44Z	9	1	1161944555819868160
https://twitter.com/DanPopping/status/1161944455378661376	DanPopping	2019-08-15T10:15:20Z	4	1	1161944455378661376
https://twitter.com/DanPopping/status/1161808587309498368	DanPopping	2019-08-15T01:15:27Z	5	2	1161808587309498368
https://twitter.com/DanPopping/status/1161820880864833537	DanPopping	2019-08-15T02:04:18Z	7	2	1161820880864833537
https://twitter.com/DanPopping/status/1161828439130722304	DanPopping	2019-08-15T02:34:20Z	8	3	1161828439130722304
https://twitter.com/DanPopping/status/1161803786928607232	DanPopping	2019-08-15T00:56:22Z	2	1	1161803786928607232
https://twitter.com/DanPopping/status/1161825615479103490	DanPopping	2019-08-15T02:23:07Z	11	7	1161825615479103490
https://twitter.com/DanPopping/status/1161833550171144193	DanPopping	2019-08-15T02:54:38Z	8	2	1161833550171144193
https://twitter.com/CCM_ForCT/status/1161942606470889473	CCM_ForCT	2019-08-15T10:07:59Z	5	1	1161942606470889473
https://twitter.com/WFRVLocal5/status/1161935418780278784	WFRVLocal5	2019-08-15T09:39:26Z	4	0	1161935418780278784
https://twitter.com/TheReal941/status/1161925644134965248	TheReal941	2019-08-15T09:00:35Z	1	0	1161925644134965248
https://twitter.com/LGiU/status/1161921751682564096	LGiU	2019-08-15T08:45:07Z	1	0	1161921751682564096
https://twitter.com/merchantville/status/1161921614663049217	merchantville	2019-08-15T08:44:35Z	6	4	1161921614663049217
https://twitter.com/CrHannahEvans/status/1161866942174470144	CrHannahEvans	2019-08-15T05:07:20Z	6	2	1161866942174470144
https://twitter.com/CrHannahEvans/status/1161917942054842368	CrHannahEvans	2019-08-15T08:29:59Z	2	2	1161917942054842368
https://twitter.com/JoRaeWilkins/status/1161915060983222272	JoRaeWilkins	2019-08-15T08:18:32Z	5	2	1161915060983222272
https://twitter.com/CityofPAE/status/1161910419327475712	CityofPAE	2019-08-15T08:00:05Z	3	0	1161910419327475712
https://twitter.com/CityofPAE/status/1161911426614583297	CityofPAE	2019-08-15T08:04:06Z	2	1	1161911426614583297
https://twitter.com/CityofPAE/status/1161868373027954688	CityofPAE	2019-08-15T05:13:01Z	7	0	1161868373027954688
https://twitter.com/CityofPAE/status/1161876203545907201	CityofPAE	2019-08-15T05:44:08Z	3	0	1161876203545907201
https://twitter.com/CityofPAE/status/1161843076119199745	CityofPAE	2019-08-15T03:32:30Z	7	3	1161843076119199745
https://twitter.com/CityofPAE/status/1161817752794873856	CityofPAE	2019-08-15T01:51:52Z	16	5	1161817752794873856
https://twitter.com/CityofPAE/status/1161851687742496773	CityofPAE	2019-08-15T04:06:43Z	8	1	1161851687742496773
https://twitter.com/CityofPAE/status/1161863213299879936	CityofPAE	2019-08-15T04:52:31Z	2	0	1161863213299879936
https://twitter.com/CityofPAE/status/1161913772434288640	CityofPAE	2019-08-15T08:13:25Z	6	0	1161913772434288640
https://twitter.com/CityofPAE/status/1161818254307807233	CityofPAE	2019-08-15T01:53:52Z	4	3	1161818254307807233
https://twitter.com/CityofPAE/status/1161863783821795328	CityofPAE	2019-08-15T04:54:47Z	2	1	1161863783821795328
https://twitter.com/crdavidwilkins/status/1161912927105904640	crdavidwilkins	2019-08-15T08:10:03Z	5	1	1161912927105904640
https://twitter.com/BrianJacksonTV/status/1161904551324205057	BrianJacksonTV	2019-08-15T07:36:46Z	0	0	1161904551324205057
https://twitter.com/KevinKnutson/status/1161903307591258112	KevinKnutson	2019-08-15T07:31:50Z	0	0	1161903307591258112
https://twitter.com/nativepilgrim/status/1161874308848689153	nativepilgrim	2019-08-15T05:36:36Z	3	0	1161874308848689153
https://twitter.com/nativepilgrim/status/1161875590145642497	nativepilgrim	2019-08-15T05:41:41Z	0	1	1161875590145642497
https://twitter.com/ELGL50/status/1161865550944985088	ELGL50	2019-08-15T05:01:48Z	4	0	1161865550944985088
https://twitter.com/ELGL50/status/1161864933518143488	ELGL50	2019-08-15T04:59:21Z	0	0	1161864933518143488
https://twitter.com/ELGL50/status/1161834243187597312	ELGL50	2019-08-15T02:57:24Z	1	0	1161834243187597312
https://twitter.com/ELGL50/status/1161808958564126720	ELGL50	2019-08-15T01:16:55Z	8	3	1161808958564126720
https://twitter.com/ELGL50/status/1161822903203061760	ELGL50	2019-08-15T02:12:20Z	13	3	1161822903203061760
https://twitter.com/ELGL50/status/1161871246255984641	ELGL50	2019-08-15T05:24:26Z	10	0	1161871246255984641
https://twitter.com/jenvargas/status/1161866470344855552	jenvargas	2019-08-15T05:05:27Z	3	0	1161866470344855552
https://twitter.com/FranciePalmer/status/1161860838241648640	FranciePalmer	2019-08-15T04:43:04Z	6	1	1161860838241648640
https://twitter.com/FranciePalmer/status/1161864036910108672	FranciePalmer	2019-08-15T04:55:47Z	3	1	1161864036910108672
https://twitter.com/FranciePalmer/status/1161864922629672960	FranciePalmer	2019-08-15T04:59:18Z	2	1	1161864922629672960
https://twitter.com/crmarkbasham/status/1161856608093163521	crmarkbasham	2019-08-15T04:26:16Z	4	0	1161856608093163521
https://twitter.com/andrewkkirk/status/1161855277215260672	andrewkkirk	2019-08-15T04:20:58Z	1	2	1161855277215260672
https://twitter.com/SirenLadySTL/status/1161855128661614594	SirenLadySTL	2019-08-15T04:20:23Z	3	1	1161855128661614594
https://twitter.com/anastasiamreed/status/1161852612439883776	anastasiamreed	2019-08-15T04:10:23Z	1	0	1161852612439883776
https://twitter.com/localgovlaura/status/1161850235292962816	localgovlaura	2019-08-15T04:00:56Z	23	3	1161850235292962816
https://twitter.com/ghostofliteracy/status/1161848037536407554	ghostofliteracy	2019-08-15T03:52:12Z	4	1	1161848037536407554
https://twitter.com/douglaspoland/status/1161846740141662208	douglaspoland	2019-08-15T03:47:03Z	1	0	1161846740141662208
https://twitter.com/ClaireForMayor1/status/1161842918463696897	ClaireForMayor1	2019-08-15T03:31:52Z	14	4	1161842918463696897
https://twitter.com/MaryJuliaHill/status/1161842563038568448	MaryJuliaHill	2019-08-15T03:30:27Z	2	0	1161842563038568448
https://twitter.com/JenAlvarezAZ/status/1161841197783982080	JenAlvarezAZ	2019-08-15T03:25:02Z	7	0	1161841197783982080
https://twitter.com/ZachdaleAalderi/status/1161836496372023296	ZachdaleAalderi	2019-08-15T03:06:21Z	0	0	1161836496372023296
https://twitter.com/Mike_Ekey/status/1161824429900488705	Mike_Ekey	2019-08-15T02:18:24Z	1	0	1161824429900488705
https://twitter.com/SWELGL/status/1161823095063080960	SWELGL	2019-08-15T02:13:06Z	2	0	1161823095063080960
https://twitter.com/CitySourced/status/1161768961882697728	CitySourced	2019-08-14T22:37:59Z	1	0	1161768961882697728
https://twitter.com/CitySourced/status/1161821810201153537	CitySourced	2019-08-15T02:07:59Z	4	1	1161821810201153537
https://twitter.com/CitySourced/status/1161731258222858240	CitySourced	2019-08-14T20:08:10Z	0	0	1161731258222858240
https://twitter.com/janeyrusso/status/1161820732008980480	janeyrusso	2019-08-15T02:03:42Z	12	4	1161820732008980480
https://twitter.com/PeterSpadafore/status/1161820195528294400	PeterSpadafore	2019-08-15T02:01:34Z	9	2	1161820195528294400
https://twitter.com/TakomaParkMD/status/1161818726154592262	TakomaParkMD	2019-08-15T01:55:44Z	5	6	1161818726154592262
https://twitter.com/JBStephens1/status/1161817862945878018	JBStephens1	2019-08-15T01:52:18Z	1	0	1161817862945878018
https://twitter.com/joepdxgall/status/1161809856128417792	joepdxgall	2019-08-15T01:20:29Z	1	0	1161809856128417792
https://twitter.com/HogansvilleCity/status/1161806940823007232	HogansvilleCity	2019-08-15T01:08:54Z	1	1	1161806940823007232
https://twitter.com/KeithSherley/status/1161805904855097346	KeithSherley	2019-08-15T01:04:47Z	3	1	1161805904855097346
https://twitter.com/chapelhillgov/status/1161803472578256897	chapelhillgov	2019-08-15T00:55:07Z	4	3	1161803472578256897
https://twitter.com/cityofchandler/status/1159630418422980608	cityofchandler	2019-08-09T01:00:11Z	9	0	1159630418422980608
https://twitter.com/cityofchandler/status/1161787102138437633	cityofchandler	2019-08-14T23:50:04Z	1	0	1161787102138437633
https://twitter.com/CompCommunityDE/status/1160948215698591744	CompCommunityDE	2019-08-12T16:16:38Z	0	0	1160948215698591744
https://twitter.com/cbjuneau/status/1161760156004360192	cbjuneau	2019-08-14T22:03:00Z	7	2	1161760156004360192
https://twitter.com/ColConGov/status/1161705375365763073	ColConGov	2019-08-14T18:25:19Z	0	0	1161705375365763073
https://twitter.com/CityofFontanaCA/status/1158806048934727680	CityofFontanaCA	2019-08-06T18:24:26Z	17	4	1158806048934727680
https://twitter.com/sjharkins/status/1161662055889457152	sjharkins	2019-08-14T15:33:11Z	4	1	1161662055889457152
https://twitter.com/Strong_Lloyd/status/1161654642909962240	Strong_Lloyd	2019-08-14T15:03:44Z	0	0	1161654642909962240
https://twitter.com/cityofcorona/status/1161427301323739136	cityofcorona	2019-08-14T00:00:21Z	0	0	1161427301323739136
https://twitter.com/BenMcCready1/status/1159105400119148545	BenMcCready1	2019-08-07T14:13:57Z	11	4	1159105400119148545
https://twitter.com/COSFGA/status/1161364430875238401	COSFGA	2019-08-13T19:50:32Z	2	2	1161364430875238401
https://twitter.com/City_of_Cypress/status/1161336619816931328	City_of_Cypress	2019-08-13T18:00:01Z	2	1	1161336619816931328
https://twitter.com/City_Janesville/status/1159824429913952256	City_Janesville	2019-08-09T13:51:07Z	4	2	1159824429913952256
https://twitter.com/City_of_Upland/status/1161117260594855938	City_of_Upland	2019-08-13T03:28:22Z	2	1	1161117260594855938
https://twitter.com/HP_Texas/status/1160910299542839297	HP_Texas	2019-08-12T13:45:58Z	6	3	1160910299542839297
https://twitter.com/CottonwoodAZ/status/1159476242149564416	CottonwoodAZ	2019-08-08T14:47:32Z	2	2	1159476242149564416
https://twitter.com/KCMO/status/1158834810435117058	KCMO	2019-08-06T20:18:43Z	0	1	1158834810435117058
https://twitter.com/KCMOPlanning/status/1158787295425830913	KCMOPlanning	2019-08-06T17:09:55Z	4	0	1158787295425830913
https://twitter.com/JanThornburg/status/1161983152950325248	JanThornburg	2019-08-15T12:49:06Z	2	0	1161983152950325248
https://twitter.com/CvilleCityHall/status/1161983072314810369	CvilleCityHall	2019-08-15T12:48:47Z	1	0	1161983072314810369
https://twitter.com/CvilleCityHall/status/1161981645613875200	CvilleCityHall	2019-08-15T12:43:07Z	3	0	1161981645613875200
https://twitter.com/CvilleCityHall/status/1161980933882503169	CvilleCityHall	2019-08-15T12:40:17Z	3	0	1161980933882503169
https://twitter.com/CvilleCityHall/status/1161980897308155904	CvilleCityHall	2019-08-15T12:40:09Z	0	0	1161980897308155904
https://twitter.com/Josh_Edwards11/status/1161982943079927808	Josh_Edwards11	2019-08-15T12:48:16Z	0	0	1161982943079927808
https://twitter.com/nimbleground/status/1161982877493542913	nimbleground	2019-08-15T12:48:01Z	0	0	1161982877493542913
https://twitter.com/nimbleground/status/1161981934513381376	nimbleground	2019-08-15T12:44:16Z	3	1	1161981934513381376
https://twitter.com/doranchad/status/1161982828424417281	doranchad	2019-08-15T12:47:49Z	0	0	1161982828424417281
https://twitter.com/CityHallSelfie/status/1161982685730021376	CityHallSelfie	2019-08-15T12:47:15Z	2	0	1161982685730021376
https://twitter.com/OHJenniferTeal/status/1161982461330567168	OHJenniferTeal	2019-08-15T12:46:22Z	1	0	1161982461330567168
https://twitter.com/City_Janesville/status/1161982214428663808	City_Janesville	2019-08-15T12:45:23Z	1	0	1161982214428663808
https://twitter.com/springhillks/status/1161982118521556994	springhillks	2019-08-15T12:45:00Z	2	0	1161982118521556994
https://twitter.com/SEELGL/status/1161981373336305664	SEELGL	2019-08-15T12:42:02Z	3	0	1161981373336305664
https://twitter.com/DCoDSS/status/1161981344269910016	DCoDSS	2019-08-15T12:41:55Z	0	0	1161981344269910016
https://twitter.com/AllieBreyer/status/1161981171816902656	AllieBreyer	2019-08-15T12:41:14Z	3	0	1161981171816902656
https://twitter.com/LPLNewsEvents/status/1161981167366656000	LPLNewsEvents	2019-08-15T12:41:13Z	1	0	1161981167366656000
https://twitter.com/BattleCreekCity/status/1161981063029239810	BattleCreekCity	2019-08-15T12:40:48Z	4	1	1161981063029239810
https://twitter.com/lagrangegaGOV/status/1161981035543957504	lagrangegaGOV	2019-08-15T12:40:42Z	0	0	1161981035543957504
https://twitter.com/newbopke/status/1161980792270143490	newbopke	2019-08-15T12:39:44Z	0	0	1161980792270143490
https://twitter.com/chrisandrewsCDA/status/1161980461670961153	chrisandrewsCDA	2019-08-15T12:38:25Z	1	1	1161980461670961153
https://twitter.com/Formerly_Fish/status/1161980204560072704	Formerly_Fish	2019-08-15T12:37:23Z	2	0	1161980204560072704
https://twitter.com/sdmunileague/status/1161980173497118720	sdmunileague	2019-08-15T12:37:16Z	0	0	1161980173497118720
https://twitter.com/Rockville411/status/1161980111454908416	Rockville411	2019-08-15T12:37:01Z	4	1	1161980111454908416
https://twitter.com/orangecityfl/status/1161979893334364160	orangecityfl	2019-08-15T12:36:09Z	4	0	1161979893334364160
https://twitter.com/petedame/status/1161979728498188288	petedame	2019-08-15T12:35:30Z	0	0	1161979728498188288
https://twitter.com/SRQCountyGov/status/1161979720013103104	SRQCountyGov	2019-08-15T12:35:28Z	3	0	1161979720013103104
